dt,dt_iso,timezone,city_name,lat,lon,temp,feels_like,temp_min,temp_max,pressure,sea_level,grnd_level,humidity,wind_speed,wind_deg,rain_1h,rain_3h,snow_1h,snow_3h,clouds_all,weather_id,weather_main,weather_description,weather_icon,city,country_code
1654542137,2022-06-06T19:02:17.000Z,43200,Wellington,-41.2866,174.7756,14.56,14.21,13.28,15.03,1009,,,82,6.69,10,,,,,75,803,Clouds,broken clouds,04n,Wellington,NZ
1654545415,2022-06-06T19:56:55.000Z,43200,Wellington,-41.2866,174.7756,14.25,13.87,13.28,15.03,1009,,,82,7.72,20,,,,,40,802,Clouds,scattered clouds,03d,Wellington,NZ
1654549299,2022-06-06T21:01:39.000Z,43200,Wellington,-41.2866,174.7756,14.57,14.2,13.84,15.03,1009,,,81,8.75,360,,,,,62,803,Clouds,broken clouds,04d,Wellington,NZ
1654553124,2022-06-06T22:05:24.000Z,43200,Wellington,-41.2866,174.7756,14.25,14,13.28,15.03,1009,,,87,11.32,360,,,,,75,803,Clouds,broken clouds,04d,Wellington,NZ
1654556685,2022-06-06T23:04:45.000Z,43200,Wellington,-41.2866,174.7756,15.12,14.91,14.39,15.59,1008,,,85,8.75,10,,,,,75,803,Clouds,broken clouds,04d,Wellington,NZ
1654559814,2022-06-06T23:56:54.000Z,43200,Wellington,-41.2866,174.7756,15.68,15.44,14.39,16.15,1008,,,82,9.26,10,,,,,75,803,Clouds,broken clouds,04d,Wellington,NZ
1654563925,2022-06-07T01:05:25.000Z,43200,Wellington,-41.2866,174.7756,15.37,15.03,14.39,16.15,1007,,,79,9.77,360,,,,,75,803,Clouds,broken clouds,04d,Wellington,NZ
1654566944,2022-06-07T01:55:44.000Z,43200,Wellington,-41.2866,174.7756,15.68,15.31,14.39,16.15,1006,,,77,9.77,10,,,,,75,500,Rain,light rain,10d,Wellington,NZ
1654570777,2022-06-07T02:59:37.000Z,43200,Wellington,-41.2866,174.7756,15.43,14.96,15.31,15.81,1006,,,74,10.29,360,,,,,99,804,Clouds,overcast clouds,04d,Wellington,NZ
1654574143,2022-06-07T03:55:43.000Z,43200,Wellington,-41.2866,174.7756,15.12,14.67,14.39,15.81,1005,,,76,10.8,10,,,,,99,804,Clouds,overcast clouds,04d,Wellington,NZ
1654578057,2022-06-07T05:00:57.000Z,43200,Wellington,-41.2866,174.7756,15.12,14.65,14.39,15.81,1004,,,75,9.26,10,,,,,75,803,Clouds,broken clouds,04n,Wellington,NZ
1654581305,2022-06-07T05:55:05.000Z,43200,Wellington,-41.2866,174.7756,15.12,14.65,13.84,15.81,1004,,,75,7.2,30,,,,,75,803,Clouds,broken clouds,04n,Wellington,NZ
1654585310,2022-06-07T07:01:50.000Z,43200,Wellington,-41.2866,174.7756,15.12,14.7,14.39,15.81,1003,,,77,8.75,20,,,,,75,803,Clouds,broken clouds,04n,Wellington,NZ
1654588567,2022-06-07T07:56:07.000Z,43200,Wellington,-41.2866,174.7756,15.68,15.26,14.39,16.15,1002,,,75,8.75,20,,,,,75,803,Clouds,broken clouds,04n,Wellington,NZ
1654592315,2022-06-07T08:58:35.000Z,43200,Wellington,-41.2866,174.7756,14.81,14.54,13.84,15.81,1003,,,84,11.83,360,,,,,75,803,Clouds,broken clouds,04n,Wellington,NZ
1654595737,2022-06-07T09:55:37.000Z,43200,Wellington,-41.2866,174.7756,14.01,13.84,12.17,14.48,1002,,,91,8.23,20,,,,,100,804,Clouds,overcast clouds,04n,Wellington,NZ
1654599602,2022-06-07T11:00:02.000Z,43200,Wellington,-41.2866,174.7756,13.46,13.26,12.17,13.92,1002,,,92,8.75,360,,,,,100,701,Mist,mist,50n,Wellington,NZ
1654603177,2022-06-07T11:59:37.000Z,43200,Wellington,-41.2866,174.7756,13.46,13.24,12.17,13.92,1002,,,91,5.14,30,,,,,100,804,Clouds,overcast clouds,04n,Wellington,NZ
1654606508,2022-06-07T12:55:08.000Z,43200,Wellington,-41.2866,174.7756,13.46,13.24,12.17,13.92,1002,,,91,3.6,30,,,,,75,803,Clouds,broken clouds,04n,Wellington,NZ
1654610646,2022-06-07T14:04:06.000Z,43200,Wellington,-41.2866,174.7756,13.45,13.2,12.17,13.92,1002,,,90,1.34,36,,,,,15,801,Clouds,few clouds,02n,Wellington,NZ
1654614325,2022-06-07T15:05:25.000Z,43200,Wellington,-41.2866,174.7756,13.92,13.69,12.73,13.92,1001,,,89,1.79,55,,,,,12,801,Clouds,few clouds,02n,Wellington,NZ
1654617928,2022-06-07T16:05:28.000Z,43200,Wellington,-41.2866,174.7756,14.01,13.76,12.73,14.48,1001,,,88,6.69,360,,,,,75,803,Clouds,broken clouds,04n,Wellington,NZ
1654621090,2022-06-07T16:58:10.000Z,43200,Wellington,-41.2866,174.7756,14.32,14.11,12.73,14.81,1001,,,88,6.69,10,,,,,75,803,Clouds,broken clouds,04n,Wellington,NZ
1654624535,2022-06-07T17:55:35.000Z,43200,Wellington,-41.2866,174.7756,14.32,14.16,12.73,14.81,1001,,,90,6.69,350,,,,,75,803,Clouds,broken clouds,04n,Wellington,NZ
1654628359,2022-06-07T18:59:19.000Z,43200,Wellington,-41.2866,174.7756,14.57,14.48,12.73,15.03,1002,,,92,7.2,340,,,,,75,803,Clouds,broken clouds,04n,Wellington,NZ
1654632246,2022-06-07T20:04:06.000Z,43200,Wellington,-41.2866,174.7756,14.57,14.41,13.28,15.03,1003,,,89,9.26,340,,,,,75,803,Clouds,broken clouds,04d,Wellington,NZ
1654635912,2022-06-07T21:05:12.000Z,43200,Wellington,-41.2866,174.7756,14.57,14.38,13.28,15.03,1003,,,88,7.72,340,,,,,40,802,Clouds,scattered clouds,03d,Wellington,NZ
1654639114,2022-06-07T21:58:34.000Z,43200,Wellington,-41.2866,174.7756,14.87,14.66,13.84,15.81,1003,,,86,7.72,340,,,,,20,801,Clouds,few clouds,02d,Wellington,NZ
1654643001,2022-06-07T23:03:21.000Z,43200,Wellington,-41.2866,174.7756,15.68,15.47,14.95,16.81,1003,,,83,5.66,350,,,,,40,802,Clouds,scattered clouds,03d,Wellington,NZ
1654646697,2022-06-08T00:04:57.000Z,43200,Wellington,-41.2866,174.7756,15.68,15.44,14.95,16.81,1002,,,82,7.2,360,,,,,75,803,Clouds,broken clouds,04d,Wellington,NZ
1654650186,2022-06-08T01:03:06.000Z,43200,Wellington,-41.2866,174.7756,15.92,15.71,14.95,16.7,1001,,,82,8.23,350,,,,,75,803,Clouds,broken clouds,04d,Wellington,NZ
1654653926,2022-06-08T02:05:26.000Z,43200,Wellington,-41.2866,174.7756,15.68,15.42,14.95,16.81,1001,,,81,9.26,350,,,,,75,803,Clouds,broken clouds,04d,Wellington,NZ
1654657117,2022-06-08T02:58:37.000Z,43200,Wellington,-41.2866,174.7756,15.68,15.47,14.39,16.15,1000,,,83,9.26,340,,,,,75,803,Clouds,broken clouds,04d,Wellington,NZ
1654660701,2022-06-08T03:58:21.000Z,43200,Wellington,-41.2866,174.7756,15.68,15.5,14.39,16.15,1000,,,84,9.26,350,,,,,75,803,Clouds,broken clouds,04d,Wellington,NZ
1654664614,2022-06-08T05:03:34.000Z,43200,Wellington,-41.2866,174.7756,15.12,14.91,13.84,15.81,1000,,,85,9.77,340,,,,,75,803,Clouds,broken clouds,04n,Wellington,NZ
1654668019,2022-06-08T06:00:19.000Z,43200,Wellington,-41.2866,174.7756,15.68,15.55,13.84,16.15,1000,,,86,8.75,340,,,,,75,803,Clouds,broken clouds,04n,Wellington,NZ
1654671305,2022-06-08T06:55:05.000Z,43200,Wellington,-41.2866,174.7756,15.68,15.52,13.84,16.15,1000,,,85,10.29,350,,,,,75,803,Clouds,broken clouds,04n,Wellington,NZ
1654674901,2022-06-08T07:55:01.000Z,43200,Wellington,-41.2866,174.7756,15.68,15.58,13.84,16.15,1000,,,87,12.35,350,,,,,75,803,Clouds,broken clouds,04n,Wellington,NZ
1654678758,2022-06-08T08:59:18.000Z,43200,Wellington,-41.2866,174.7756,15.12,14.99,13.28,15.81,1000,,,88,13.38,350,,,,,100,804,Clouds,overcast clouds,04n,Wellington,NZ
1654682301,2022-06-08T09:58:21.000Z,43200,Wellington,-41.2866,174.7756,14.25,13.95,12.73,15.03,1000,,,85,11.32,340,,,,,40,802,Clouds,scattered clouds,03n,Wellington,NZ
1654686236,2022-06-08T11:03:56.000Z,43200,Wellington,-41.2866,174.7756,14.57,14.25,13.28,15.03,999,,,83,9.77,340,,,,,75,803,Clouds,broken clouds,04n,Wellington,NZ
1654689662,2022-06-08T12:01:02.000Z,43200,Wellington,-41.2866,174.7756,14.57,14.33,13.28,15.03,998,,,86,11.32,350,,,,,75,803,Clouds,broken clouds,04n,Wellington,NZ
1654692906,2022-06-08T12:55:06.000Z,43200,Wellington,-41.2866,174.7756,14.57,14.33,13.28,15.03,998,,,86,11.83,350,,,,,75,803,Clouds,broken clouds,04n,Wellington,NZ
1654696868,2022-06-08T14:01:08.000Z,43200,Wellington,-41.2866,174.7756,14.57,14.35,13.28,15.03,996,,,87,12.35,350,,,,,100,804,Clouds,overcast clouds,04n,Wellington,NZ
1654700141,2022-06-08T14:55:41.000Z,43200,Wellington,-41.2866,174.7756,12.03,11.61,11.42,13.81,997,,,89,10.29,340,,,,,75,201,Thunderstorm,thunderstorm with rain,11n,Wellington,NZ
1654704283,2022-06-08T16:04:43.000Z,43200,Wellington,-41.2866,174.7756,12.34,12.01,11.06,12.81,996,,,91,7.72,10,,,,,40,500,Rain,light rain,10n,Wellington,NZ
1654707325,2022-06-08T16:55:25.000Z,43200,Wellington,-41.2866,174.7756,12.9,12.6,11.62,13.81,995,,,90,7.72,340,,,,,75,803,Clouds,broken clouds,04n,Wellington,NZ
1654711524,2022-06-08T18:05:24.000Z,43200,Wellington,-41.2866,174.7756,13.21,12.94,11.62,13.81,994,,,90,7.72,330,,,,,75,803,Clouds,broken clouds,04n,Wellington,NZ
1654715071,2022-06-08T19:04:31.000Z,43200,Wellington,-41.2866,174.7756,12.9,12.54,11.62,13.81,994,,,88,6.17,10,,,,,20,801,Clouds,few clouds,02n,Wellington,NZ
1654718280,2022-06-08T19:58:00.000Z,43200,Wellington,-41.2866,174.7756,13.21,12.94,11.62,13.37,994,,,90,8.23,20,,,,,75,500,Rain,light rain,10d,Wellington,NZ
1654721885,2022-06-08T20:58:05.000Z,43200,Wellington,-41.2866,174.7756,13.46,13.19,11.62,13.92,994,,,89,7.2,20,,,,,75,501,Rain,moderate rain,10d,Wellington,NZ
1654725537,2022-06-08T21:58:57.000Z,43200,Wellington,-41.2866,174.7756,12.34,12.01,11.98,12.81,994,,,91,6.69,340,,,,,75,721,Haze,haze,50d,Wellington,NZ
1654729218,2022-06-08T23:00:18.000Z,43200,Wellington,-41.2866,174.7756,12.9,12.62,11.62,13.37,992,,,91,8.75,10,,,,,75,803,Clouds,broken clouds,04d,Wellington,NZ
1654732801,2022-06-09T00:00:01.000Z,43200,Wellington,-41.2866,174.7756,13.45,13.25,12.17,13.92,991,,,92,8.75,10,,,,,75,803,Clouds,broken clouds,04d,Wellington,NZ
1654736614,2022-06-09T01:03:34.000Z,43200,Wellington,-41.2866,174.7756,12.96,12.71,11.62,13.09,989,,,92,8.75,10,,,,,75,201,Thunderstorm,thunderstorm with rain,11d,Wellington,NZ
1654739936,2022-06-09T01:58:56.000Z,43200,Wellington,-41.2866,174.7756,13.37,13.11,13.37,13.81,988,,,90,6.69,340,,,,,40,500,Rain,light rain,10d,Wellington,NZ
1654743886,2022-06-09T03:04:46.000Z,43200,Wellington,-41.2866,174.7756,13.37,12.98,13.37,13.81,988,,,85,8.23,350,,,,,75,803,Clouds,broken clouds,04d,Wellington,NZ
1654746911,2022-06-09T03:55:11.000Z,43200,Wellington,-41.2866,174.7756,13.37,12.93,13.37,13.81,988,,,83,7.2,340,,,,,100,804,Clouds,overcast clouds,04d,Wellington,NZ
1654751093,2022-06-09T05:04:53.000Z,43200,Wellington,-41.2866,174.7756,12.81,12.21,12.81,13.81,988,,,79,8.75,340,,,,,40,802,Clouds,scattered clouds,03n,Wellington,NZ
1654754640,2022-06-09T06:04:00.000Z,43200,Wellington,-41.2866,174.7756,12.81,12.24,12.81,13.81,988,,,80,10.8,330,,,,,91,500,Rain,light rain,10n,Wellington,NZ
1654757793,2022-06-09T06:56:33.000Z,43200,Wellington,-41.2866,174.7756,12.81,12.26,12.81,13.81,988,,,81,6.69,330,,,,,4,800,Clear,clear sky,01n,Wellington,NZ
1654761838,2022-06-09T08:03:58.000Z,43200,Wellington,-41.2866,174.7756,12.26,11.6,12.26,13.81,989,,,79,6.69,310,,,,,20,801,Clouds,few clouds,02n,Wellington,NZ
1654765151,2022-06-09T08:59:11.000Z,43200,Wellington,-41.2866,174.7756,12.26,11.58,12.26,12.81,990,,,78,5.14,340,,,,,2,800,Clear,clear sky,01n,Wellington,NZ
1654768792,2022-06-09T09:59:52.000Z,43200,Wellington,-41.2866,174.7756,11.7,10.94,11.7,12.81,991,,,77,5.66,340,,,,,2,800,Clear,clear sky,01n,Wellington,NZ
1654772385,2022-06-09T10:59:45.000Z,43200,Wellington,-41.2866,174.7756,12.26,11.55,12.26,12.81,990,,,77,8.23,350,,,,,3,800,Clear,clear sky,01n,Wellington,NZ
1654775977,2022-06-09T11:59:37.000Z,43200,Wellington,-41.2866,174.7756,13.37,12.69,13.37,13.81,990,,,74,8.75,350,,,,,40,802,Clouds,scattered clouds,03n,Wellington,NZ
1654779397,2022-06-09T12:56:37.000Z,43200,Wellington,-41.2866,174.7756,13.37,12.77,13.37,13.81,990,,,77,10.8,340,,,,,20,801,Clouds,few clouds,02n,Wellington,NZ
1654783506,2022-06-09T14:05:06.000Z,43200,Wellington,-41.2866,174.7756,12.81,12.39,12.81,12.81,988,,,86,9.77,340,,,,,75,803,Clouds,broken clouds,04n,Wellington,NZ
1654786756,2022-06-09T14:59:16.000Z,43200,Wellington,-41.2866,174.7756,13.37,12.98,11.62,13.81,987,,,85,12.35,340,,,,,75,803,Clouds,broken clouds,04n,Wellington,NZ
1654790401,2022-06-09T16:00:01.000Z,43200,Wellington,-41.2866,174.7756,13.92,13.51,12.17,14.81,986,,,82,12.86,340,,,,,75,803,Clouds,broken clouds,04n,Wellington,NZ
1654794158,2022-06-09T17:02:38.000Z,43200,Wellington,-41.2866,174.7756,13.38,12.97,11.62,14.81,985,,,84,12.86,350,,,,,75,501,Rain,moderate rain,10n,Wellington,NZ
1654797572,2022-06-09T17:59:32.000Z,43200,Wellington,-41.2866,174.7756,13.37,13.01,11.62,13.81,984,,,86,14.4,350,,,,,75,501,Rain,moderate rain,10n,Wellington,NZ
1654801524,2022-06-09T19:05:24.000Z,43200,Wellington,-41.2866,174.7756,13.37,13.06,11.06,13.81,985,,,88,12.86,350,,,,,75,803,Clouds,broken clouds,04n,Wellington,NZ
1654805124,2022-06-09T20:05:24.000Z,43200,Wellington,-41.2866,174.7756,12.82,12.43,11.62,13.81,985,,,87,7.72,340,,,,,20,801,Clouds,few clouds,02d,Wellington,NZ
1654808594,2022-06-09T21:03:14.000Z,43200,Wellington,-41.2866,174.7756,13.37,12.93,12.17,13.81,986,,,83,7.72,330,,,,,40,802,Clouds,scattered clouds,03d,Wellington,NZ
1654812061,2022-06-09T22:01:01.000Z,43200,Wellington,-41.2866,174.7756,13.38,12.86,12.17,14.81,987,,,80,8.23,330,,,,,20,801,Clouds,few clouds,02d,Wellington,NZ
1654815619,2022-06-09T23:00:19.000Z,43200,Wellington,-41.2866,174.7756,13.92,13.43,12.17,14.81,987,,,79,8.23,330,,,,,75,803,Clouds,broken clouds,04d,Wellington,NZ
1654819476,2022-06-10T00:04:36.000Z,43200,Wellington,-41.2866,174.7756,15.58,15.07,12.73,15.59,987,,,72,8.23,330,,,,,75,803,Clouds,broken clouds,04d,Wellington,NZ
1654822537,2022-06-10T00:55:37.000Z,43200,Wellington,-41.2866,174.7756,15.59,15.01,13.28,15.59,986,,,69,10.8,330,,,,,20,801,Clouds,few clouds,02d,Wellington,NZ
1654826418,2022-06-10T02:00:18.000Z,43200,Wellington,-41.2866,174.7756,15.03,14.34,13.84,15.81,986,,,67,8.23,320,,,,,1,800,Clear,clear sky,01d,Wellington,NZ
1654829941,2022-06-10T02:59:01.000Z,43200,Wellington,-41.2866,174.7756,13.93,13.13,13.28,15.81,988,,,67,7.72,330,,,,,1,800,Clear,clear sky,01d,Wellington,NZ
1654833503,2022-06-10T03:58:23.000Z,43200,Wellington,-41.2866,174.7756,13.38,12.52,12.73,14.81,988,,,67,8.23,320,,,,,0,800,Clear,clear sky,01d,Wellington,NZ
1654837101,2022-06-10T04:58:21.000Z,43200,Wellington,-41.2866,174.7756,13.37,12.51,12.17,13.81,989,,,67,9.26,330,,,,,0,800,Clear,clear sky,01n,Wellington,NZ
1654841072,2022-06-10T06:04:32.000Z,43200,Wellington,-41.2866,174.7756,13.37,12.54,12.17,13.81,989,,,68,9.26,340,,,,,1,800,Clear,clear sky,01n,Wellington,NZ
1654844542,2022-06-10T07:02:22.000Z,43200,Wellington,-41.2866,174.7756,13.37,12.64,12.17,13.81,989,,,72,11.83,340,,,,,20,801,Clouds,few clouds,02n,Wellington,NZ
1654847900,2022-06-10T07:58:20.000Z,43200,Wellington,-41.2866,174.7756,13.37,12.69,11.62,13.81,989,,,74,14.4,340,,,,,20,801,Clouds,few clouds,02n,Wellington,NZ
1654851337,2022-06-10T08:55:37.000Z,43200,Wellington,-41.2866,174.7756,13.37,12.83,11.62,13.37,989,,,79,12.35,340,,,,,75,803,Clouds,broken clouds,04n,Wellington,NZ
1654854760,2022-06-10T09:52:40.000Z,43200,Wellington,-41.2866,174.7756,13.92,13.43,11.62,13.92,988,,,79,12.35,350,,,,,40,802,Clouds,scattered clouds,03n,Wellington,NZ
1654858756,2022-06-10T10:59:16.000Z,43200,Wellington,-41.2866,174.7756,12.26,11.73,10.51,12.26,989,,,84,11.83,330,,,,,75,501,Rain,moderate rain,10n,Wellington,NZ
1654862472,2022-06-10T12:01:12.000Z,43200,Wellington,-41.2866,174.7756,12.26,11.84,10.51,12.26,988,,,88,8.75,330,,,,,75,501,Rain,moderate rain,10n,Wellington,NZ
1654866277,2022-06-10T13:04:37.000Z,43200,Wellington,-41.2866,174.7756,12.81,12.44,11.06,12.81,987,,,88,8.75,350,,,,,75,803,Clouds,broken clouds,04n,Wellington,NZ
1654869871,2022-06-10T14:04:31.000Z,43200,Wellington,-41.2866,174.7756,13.37,12.9,12.17,13.81,987,,,82,9.26,340,,,,,75,803,Clouds,broken clouds,04n,Wellington,NZ
1654873155,2022-06-10T14:59:15.000Z,43200,Wellington,-41.2866,174.7756,12.82,12.4,11.06,13.81,986,,,86,8.75,330,,,,,75,500,Rain,light rain,10n,Wellington,NZ
1654877125,2022-06-10T16:05:25.000Z,43200,Wellington,-41.2866,174.7756,11.71,11.18,9.95,12.81,986,,,86,8.75,330,,,,,75,500,Rain,light rain,10n,Wellington,NZ
1654880466,2022-06-10T17:01:06.000Z,43200,Wellington,-41.2866,174.7756,12.26,11.84,10.51,12.81,985,,,88,8.23,330,,,,,40,500,Rain,light rain,10n,Wellington,NZ
1654883766,2022-06-10T17:56:06.000Z,43200,Wellington,-41.2866,174.7756,12.81,12.44,11.06,12.81,984,,,88,9.26,340,,,,,75,500,Rain,light rain,10n,Wellington,NZ
1654887602,2022-06-10T19:00:02.000Z,43200,Wellington,-41.2866,174.7756,12.82,12.35,11.62,13.81,985,,,84,11.83,340,,,,,40,802,Clouds,scattered clouds,03n,Wellington,NZ
1654891246,2022-06-10T20:00:46.000Z,43200,Wellington,-41.2866,174.7756,12.26,11.79,10.51,12.81,985,,,86,10.8,320,,,,,75,501,Rain,moderate rain,10d,Wellington,NZ
1654894802,2022-06-10T21:00:02.000Z,43200,Wellington,-41.2866,174.7756,12.81,12.39,11.62,12.81,985,,,86,9.26,340,,,,,75,803,Clouds,broken clouds,04d,Wellington,NZ
1654898402,2022-06-10T22:00:02.000Z,43200,Wellington,-41.2866,174.7756,13.92,13.48,12.17,13.92,987,,,81,9.26,330,,,,,62,803,Clouds,broken clouds,04d,Wellington,NZ
1654901849,2022-06-10T22:57:29.000Z,43200,Wellington,-41.2866,174.7756,14.48,13.89,12.73,14.81,986,,,73,7.72,340,,,,,20,801,Clouds,few clouds,02d,Wellington,NZ
1654905338,2022-06-10T23:55:38.000Z,43200,Wellington,-41.2866,174.7756,15.03,14.44,12.73,15.03,987,,,71,8.75,330,,,,,61,803,Clouds,broken clouds,04d,Wellington,NZ
1654909086,2022-06-11T00:58:06.000Z,43200,Wellington,-41.2866,174.7756,14.48,13.79,12.73,14.48,987,,,69,8.23,330,,,,,75,803,Clouds,broken clouds,04d,Wellington,NZ
1654912802,2022-06-11T02:00:02.000Z,43200,Wellington,-41.2866,174.7756,14.48,13.71,13.28,14.81,988,,,66,7.72,320,,,,,20,801,Clouds,few clouds,02d,Wellington,NZ
1654916557,2022-06-11T03:02:37.000Z,43200,Wellington,-41.2866,174.7756,13.38,12.55,13.28,14.81,989,,,68,7.2,330,,,,,75,803,Clouds,broken clouds,04d,Wellington,NZ
1654920104,2022-06-11T04:01:44.000Z,43200,Wellington,-41.2866,174.7756,13.38,12.55,12.73,14.81,990,,,68,7.2,330,,,,,4,800,Clear,clear sky,01d,Wellington,NZ
1654923596,2022-06-11T04:59:56.000Z,43200,Wellington,-41.2866,174.7756,12.82,11.99,11.62,13.81,990,,,70,6.17,330,,,,,3,800,Clear,clear sky,01n,Wellington,NZ
1654926964,2022-06-11T05:56:04.000Z,43200,Wellington,-41.2866,174.7756,12.82,11.93,11.06,13.81,991,,,68,6.17,340,,,,,3,800,Clear,clear sky,01n,Wellington,NZ
1654930729,2022-06-11T06:58:49.000Z,43200,Wellington,-41.2866,174.7756,12.26,11.42,11.06,12.81,992,,,72,6.17,340,,,,,0,800,Clear,clear sky,01n,Wellington,NZ
1654934636,2022-06-11T08:03:56.000Z,43200,Wellington,-41.2866,174.7756,12.26,11.4,11.06,12.81,993,,,71,8.75,340,,,,,0,800,Clear,clear sky,01n,Wellington,NZ
1654938055,2022-06-11T09:00:55.000Z,43200,Wellington,-41.2866,174.7756,12.26,11.42,11.06,12.81,993,,,72,9.26,330,,,,,1,800,Clear,clear sky,01n,Wellington,NZ
1654941743,2022-06-11T10:02:23.000Z,43200,Wellington,-41.2866,174.7756,12.26,11.34,11.06,12.81,994,,,69,8.75,340,,,,,1,800,Clear,clear sky,01n,Wellington,NZ
1654945446,2022-06-11T11:04:06.000Z,43200,Wellington,-41.2866,174.7756,12.26,11.37,11.06,12.81,994,,,70,7.2,340,,,,,2,800,Clear,clear sky,01n,Wellington,NZ
1654948715,2022-06-11T11:58:35.000Z,43200,Wellington,-41.2866,174.7756,12.26,11.45,11.06,12.81,994,,,73,7.2,330,,,,,5,800,Clear,clear sky,01n,Wellington,NZ
1654952474,2022-06-11T13:01:14.000Z,43200,Wellington,-41.2866,174.7756,12.26,11.37,11.06,12.81,993,,,70,7.2,330,,,,,9,800,Clear,clear sky,01n,Wellington,NZ
1654956157,2022-06-11T14:02:37.000Z,43200,Wellington,-41.2866,174.7756,12.26,11.47,11.06,12.81,993,,,74,7.72,330,,,,,11,801,Clouds,few clouds,02n,Wellington,NZ
1654959747,2022-06-11T15:02:27.000Z,43200,Wellington,-41.2866,174.7756,12.26,11.55,11.06,12.81,992,,,77,7.2,330,,,,,20,801,Clouds,few clouds,02n,Wellington,NZ
1654963526,2022-06-11T16:05:26.000Z,43200,Wellington,-41.2866,174.7756,12.81,12.16,11.62,12.81,991,,,77,7.72,330,,,,,75,803,Clouds,broken clouds,04n,Wellington,NZ
1654966800,2022-06-11T17:00:00.000Z,43200,Wellington,-41.2866,174.7756,12.81,12.21,11.62,12.81,990,,,79,6.17,330,,,,,75,803,Clouds,broken clouds,04n,Wellington,NZ
1654970654,2022-06-11T18:04:14.000Z,43200,Wellington,-41.2866,174.7756,12.26,11.73,11.06,12.81,989,,,84,5.14,340,,,,,51,500,Rain,light rain,10n,Wellington,NZ
1654974305,2022-06-11T19:05:05.000Z,43200,Wellington,-41.2866,174.7756,11.7,11.22,10.51,11.81,990,,,88,5.14,330,,,,,40,501,Rain,moderate rain,10n,Wellington,NZ
1654977858,2022-06-11T20:04:18.000Z,43200,Wellington,-41.2866,174.7756,11.7,11.28,9.95,11.81,989,,,90,6.69,20,,,,,75,500,Rain,light rain,10d,Wellington,NZ
1654981117,2022-06-11T20:58:37.000Z,43200,Wellington,-41.2866,174.7756,11.7,11.28,10.81,11.7,990,,,90,7.72,30,,,,,75,500,Rain,light rain,10d,Wellington,NZ
1654985106,2022-06-11T22:05:06.000Z,43200,Wellington,-41.2866,174.7756,12.26,11.92,10.51,12.26,989,,,91,6.69,20,,,,,75,500,Rain,light rain,10d,Wellington,NZ
1654988725,2022-06-11T23:05:25.000Z,43200,Wellington,-41.2866,174.7756,11.7,11.25,11.7,11.81,988,,,89,9.26,10,,,,,75,501,Rain,moderate rain,10d,Wellington,NZ
1654992115,2022-06-12T00:01:55.000Z,43200,Wellington,-41.2866,174.7756,11.15,10.64,10.81,11.15,986,,,89,10.8,30,,,,,75,501,Rain,moderate rain,10d,Wellington,NZ
1654995864,2022-06-12T01:04:24.000Z,43200,Wellington,-41.2866,174.7756,12.25,11.88,10.81,12.26,985,,,90,9.26,360,,,,,75,803,Clouds,broken clouds,04d,Wellington,NZ
1654999147,2022-06-12T01:59:07.000Z,43200,Wellington,-41.2866,174.7756,12.81,12.52,11.62,12.81,984,,,91,12.86,350,,,,,75,201,Thunderstorm,thunderstorm with rain,11d,Wellington,NZ
1655002850,2022-06-12T03:00:50.000Z,43200,Wellington,-41.2866,174.7756,13.37,13.09,11.06,13.81,982,,,89,13.89,360,,,,,75,500,Rain,light rain,10d,Wellington,NZ
1655006627,2022-06-12T04:03:47.000Z,43200,Wellington,-41.2866,174.7756,12.26,11.84,12.26,12.81,983,,,88,14.4,350,,,,,75,501,Rain,moderate rain,10d,Wellington,NZ
1655009945,2022-06-12T04:59:05.000Z,43200,Wellington,-41.2866,174.7756,13.37,13.09,11.62,13.81,981,,,89,10.8,340,,,,,40,501,Rain,moderate rain,10n,Wellington,NZ
1655013352,2022-06-12T05:55:52.000Z,43200,Wellington,-41.2866,174.7756,13.37,13.09,11.06,13.81,981,,,89,13.89,350,,,,,75,501,Rain,moderate rain,10n,Wellington,NZ
1655017486,2022-06-12T07:04:46.000Z,43200,Wellington,-41.2866,174.7756,12.81,12.5,11.06,12.81,980,,,90,9.77,350,,,,,75,500,Rain,light rain,10n,Wellington,NZ
1655020837,2022-06-12T08:00:37.000Z,43200,Wellington,-41.2866,174.7756,12.81,12.6,12.17,12.81,982,,,94,10.29,360,,,,,75,300,Drizzle,light intensity drizzle,09n,Wellington,NZ
1655024210,2022-06-12T08:56:50.000Z,43200,Wellington,-41.2866,174.7756,13.92,13.56,12.17,14.81,979,,,84,11.83,350,,,,,75,500,Rain,light rain,10n,Wellington,NZ
1655027859,2022-06-12T09:57:39.000Z,43200,Wellington,-41.2866,174.7756,13.37,12.85,11.62,13.81,980,,,80,8.75,340,,,,,20,801,Clouds,few clouds,02n,Wellington,NZ
1655031455,2022-06-12T10:57:35.000Z,43200,Wellington,-41.2866,174.7756,12.82,12.12,11.62,13.81,979,,,75,8.75,350,,,,,75,803,Clouds,broken clouds,04n,Wellington,NZ
1655035207,2022-06-12T12:00:07.000Z,43200,Wellington,-41.2866,174.7756,13.37,12.8,11.62,13.81,979,,,78,8.23,340,,,,,94,804,Clouds,overcast clouds,04n,Wellington,NZ
1655038819,2022-06-12T13:00:19.000Z,43200,Wellington,-41.2866,174.7756,11.71,11.05,11.06,12.81,979,,,81,6.17,320,,,,,100,804,Clouds,overcast clouds,04n,Wellington,NZ
1655042726,2022-06-12T14:05:26.000Z,43200,Wellington,-41.2866,174.7756,12.27,11.43,11.06,13.81,977,,,72,6.17,340,,,,,100,500,Rain,light rain,10n,Wellington,NZ
1655045982,2022-06-12T14:59:42.000Z,43200,Wellington,-41.2866,174.7756,12.26,11.42,11.06,12.81,978,,,72,7.2,330,,,,,40,802,Clouds,scattered clouds,03n,Wellington,NZ
1655049805,2022-06-12T16:03:25.000Z,43200,Wellington,-41.2866,174.7756,10.59,9.79,9.39,10.81,976,,,80,8.23,320,,,,,75,803,Clouds,broken clouds,04n,Wellington,NZ
1655053472,2022-06-12T17:04:32.000Z,43200,Wellington,-41.2866,174.7756,9.48,5.81,9.48,10.81,977,,,83,8.75,340,,,,,100,804,Clouds,overcast clouds,04n,Wellington,NZ
1655057015,2022-06-12T18:03:35.000Z,43200,Wellington,-41.2866,174.7756,10.03,9.13,9.39,10.03,976,,,78,6.17,340,,,,,91,804,Clouds,overcast clouds,04n,Wellington,NZ
1655060362,2022-06-12T18:59:22.000Z,43200,Wellington,-41.2866,174.7756,10.59,9.64,9.39,10.81,977,,,74,8.75,310,,,,,40,802,Clouds,scattered clouds,03n,Wellington,NZ
1655063646,2022-06-12T19:54:06.000Z,43200,Wellington,-41.2866,174.7756,10.59,9.64,9.39,10.81,978,,,74,8.75,330,,,,,20,801,Clouds,few clouds,02d,Wellington,NZ
1655067336,2022-06-12T20:55:36.000Z,43200,Wellington,-41.2866,174.7756,11.15,10.25,9.95,11.15,978,,,74,9.77,320,,,,,75,803,Clouds,broken clouds,04d,Wellington,NZ
1655071045,2022-06-12T21:57:25.000Z,43200,Wellington,-41.2866,174.7756,10.59,9.77,9.39,10.81,977,,,79,13.38,310,,,,,75,721,Haze,haze,50d,Wellington,NZ
1655074538,2022-06-12T22:55:38.000Z,43200,Wellington,-41.2866,174.7756,12.26,11.45,11.06,12.26,978,,,73,11.32,330,,,,,19,801,Clouds,few clouds,02d,Wellington,NZ
1655078626,2022-06-13T00:03:46.000Z,43200,Wellington,-41.2866,174.7756,12.27,11.48,10.51,13.81,977,,,74,9.77,330,,,,,75,803,Clouds,broken clouds,04d,Wellington,NZ
1655082218,2022-06-13T01:03:38.000Z,43200,Wellington,-41.2866,174.7756,12.26,11.53,11.06,12.81,976,,,76,14.92,320,,,,,40,500,Rain,light rain,10d,Wellington,NZ
1655085821,2022-06-13T02:03:41.000Z,43200,Wellington,-41.2866,174.7756,12.26,11.53,10.51,12.26,976,,,76,10.8,310,,,,,75,500,Rain,light rain,10d,Wellington,NZ
1655089335,2022-06-13T03:02:15.000Z,43200,Wellington,-41.2866,174.7756,11.15,10.46,8.84,11.15,977,,,82,7.72,270,,,,,75,501,Rain,moderate rain,10d,Wellington,NZ
1655092871,2022-06-13T04:01:11.000Z,43200,Wellington,-41.2866,174.7756,11.71,10.97,9.95,12.81,977,,,78,7.2,290,,,,,20,801,Clouds,few clouds,02d,Wellington,NZ
1655096141,2022-06-13T04:55:41.000Z,43200,Wellington,-41.2866,174.7756,11.71,10.89,9.95,12.81,978,,,75,7.72,320,,,,,69,803,Clouds,broken clouds,04d,Wellington,NZ
1655099804,2022-06-13T05:56:44.000Z,43200,Wellington,-41.2866,174.7756,11.71,10.95,9.95,12.81,980,,,77,3.09,300,,,,,72,803,Clouds,broken clouds,04n,Wellington,NZ
1655103694,2022-06-13T07:01:34.000Z,43200,Wellington,-41.2866,174.7756,11.16,10.26,9.95,12.81,983,,,74,5.14,310,,,,,38,802,Clouds,scattered clouds,03n,Wellington,NZ
1655107199,2022-06-13T07:59:59.000Z,43200,Wellington,-41.2866,174.7756,10.6,9.7,8.84,12.81,984,,,76,3.6,300,,,,,38,802,Clouds,scattered clouds,03n,Wellington,NZ
1655110639,2022-06-13T08:57:19.000Z,43200,Wellington,-41.2866,174.7756,9.48,8.16,9.48,11.81,986,,,81,2.57,280,,,,,51,803,Clouds,broken clouds,04n,Wellington,NZ
1655113931,2022-06-13T09:52:11.000Z,43200,Wellington,-41.2866,174.7756,8.39,4.97,8.37,11.81,988,,,84,6.69,210,,,,,20,801,Clouds,few clouds,02n,Wellington,NZ
1655118279,2022-06-13T11:04:39.000Z,43200,Wellington,-41.2866,174.7756,12.81,11.66,9.95,12.81,992,,,58,7.2,190,,,,,36,802,Clouds,scattered clouds,03n,Wellington,NZ
1655121805,2022-06-13T12:03:25.000Z,43200,Wellington,-41.2866,174.7756,12.81,11.66,9.39,12.81,993,,,58,6.17,190,,,,,30,802,Clouds,scattered clouds,03n,Wellington,NZ
1655125208,2022-06-13T13:00:08.000Z,43200,Wellington,-41.2866,174.7756,10.81,9.93,7.73,10.81,995,,,76,1.54,270,,,,,16,801,Clouds,few clouds,02n,Wellington,NZ
1655128857,2022-06-13T14:00:57.000Z,43200,Wellington,-41.2866,174.7756,7.81,5.82,7.73,7.81,995,,,87,3.09,10,,,,,8,800,Clear,clear sky,01n,Wellington,NZ
1655132557,2022-06-13T15:02:37.000Z,43200,Wellington,-41.2866,174.7756,8.81,6.25,8.28,8.81,995,,,81,4.63,20,,,,,39,802,Clouds,scattered clouds,03n,Wellington,NZ
1655136314,2022-06-13T16:05:14.000Z,43200,Wellington,-41.2866,174.7756,8.81,6.48,8.81,8.84,996,,,76,4.12,30,,,,,33,802,Clouds,scattered clouds,03n,Wellington,NZ
1655139615,2022-06-13T17:00:15.000Z,43200,Wellington,-41.2866,174.7756,10.03,9.05,9.39,10.81,990,,,75,4.12,350,,,,,27,802,Clouds,scattered clouds,03n,Wellington,NZ
1655143134,2022-06-13T17:58:54.000Z,43200,Wellington,-41.2866,174.7756,10.6,9.67,10.51,11.81,991,,,75,5.66,320,,,,,20,801,Clouds,few clouds,02n,Wellington,NZ
1655147112,2022-06-13T19:05:12.000Z,43200,Wellington,-41.2866,174.7756,10.6,9.49,9.95,11.81,994,,,68,5.66,330,,,,,58,803,Clouds,broken clouds,04n,Wellington,NZ
1655150725,2022-06-13T20:05:25.000Z,43200,Wellington,-41.2866,174.7756,11.15,10.1,10.51,11.81,995,,,68,5.14,340,,,,,64,803,Clouds,broken clouds,04d,Wellington,NZ
1655153814,2022-06-13T20:56:54.000Z,43200,Wellington,-41.2866,174.7756,11.71,10.71,11.06,12.81,995,,,68,5.14,340,,,,,58,803,Clouds,broken clouds,04d,Wellington,NZ
1655157580,2022-06-13T21:59:40.000Z,43200,Wellington,-41.2866,174.7756,12.81,11.9,11.62,12.81,996,,,67,7.2,340,,,,,65,803,Clouds,broken clouds,04d,Wellington,NZ
1655160906,2022-06-13T22:55:06.000Z,43200,Wellington,-41.2866,174.7756,13.37,12.49,12.17,13.37,996,,,66,9.77,360,,,,,72,803,Clouds,broken clouds,04d,Wellington,NZ
1655164836,2022-06-14T00:00:36.000Z,43200,Wellington,-41.2866,174.7756,14.48,13.73,12.73,14.81,996,,,67,10.29,340,,,,,40,802,Clouds,scattered clouds,03d,Wellington,NZ
1655168557,2022-06-14T01:02:37.000Z,43200,Wellington,-41.2866,174.7756,14.48,13.81,12.73,14.48,996,,,70,10.29,340,,,,,75,803,Clouds,broken clouds,04d,Wellington,NZ
1655172209,2022-06-14T02:03:29.000Z,43200,Wellington,-41.2866,174.7756,14.48,13.86,12.73,14.48,996,,,72,10.29,340,,,,,100,804,Clouds,overcast clouds,04d,Wellington,NZ
1655175577,2022-06-14T02:59:37.000Z,43200,Wellington,-41.2866,174.7756,14.48,13.92,12.73,14.81,995,,,74,9.77,350,,,,,75,803,Clouds,broken clouds,04d,Wellington,NZ
1655179399,2022-06-14T04:03:19.000Z,43200,Wellington,-41.2866,174.7756,14.48,13.81,13.28,14.81,995,,,70,8.23,350,,,,,20,801,Clouds,few clouds,02d,Wellington,NZ
1655182579,2022-06-14T04:56:19.000Z,43200,Wellington,-41.2866,174.7756,14.49,13.85,12.73,15.81,995,,,71,7.72,320,,,,,100,804,Clouds,overcast clouds,04d,Wellington,NZ
1655186556,2022-06-14T06:02:36.000Z,43200,Wellington,-41.2866,174.7756,13.92,13.35,12.17,13.92,996,,,76,6.17,340,,,,,20,801,Clouds,few clouds,02n,Wellington,NZ
1655190273,2022-06-14T07:04:33.000Z,43200,Wellington,-41.2866,174.7756,13.37,12.64,12.17,13.81,996,,,72,3.6,340,,,,,22,801,Clouds,few clouds,02n,Wellington,NZ
1655193517,2022-06-14T07:58:37.000Z,43200,Wellington,-41.2866,174.7756,13.38,12.52,12.73,14.81,997,,,67,8.75,300,,,,,16,801,Clouds,few clouds,02n,Wellington,NZ
1655197191,2022-06-14T08:59:51.000Z,43200,Wellington,-41.2866,174.7756,13.92,13.01,12.17,14.81,998,,,63,9.26,310,,,,,37,802,Clouds,scattered clouds,03n,Wellington,NZ
1655200727,2022-06-14T09:58:47.000Z,43200,Wellington,-41.2866,174.7756,13.38,12.42,12.17,14.81,998,,,63,5.66,340,,,,,49,802,Clouds,scattered clouds,03n,Wellington,NZ
1655204137,2022-06-14T10:55:37.000Z,43200,Wellington,-41.2866,174.7756,13.37,12.62,12.17,13.81,998,,,71,5.14,340,,,,,48,802,Clouds,scattered clouds,03n,Wellington,NZ
1655208181,2022-06-14T12:03:01.000Z,43200,Wellington,-41.2866,174.7756,13.37,12.56,12.17,13.37,999,,,69,6.69,350,,,,,48,802,Clouds,scattered clouds,03n,Wellington,NZ
1655211502,2022-06-14T12:58:22.000Z,43200,Wellington,-41.2866,174.7756,13.37,12.54,12.17,13.81,999,,,68,7.2,340,,,,,49,802,Clouds,scattered clouds,03n,Wellington,NZ
1655215526,2022-06-14T14:05:26.000Z,43200,Wellington,-41.2866,174.7756,12.82,11.96,11.62,13.81,999,,,69,7.2,330,,,,,65,803,Clouds,broken clouds,04n,Wellington,NZ
1655218802,2022-06-14T15:00:02.000Z,43200,Wellington,-41.2866,174.7756,12.81,11.92,11.62,12.81,1000,,,68,5.66,340,,,,,74,803,Clouds,broken clouds,04n,Wellington,NZ
1655222677,2022-06-14T16:04:37.000Z,43200,Wellington,-41.2866,174.7756,12.82,11.99,11.62,13.81,999,,,70,7.72,330,,,,,78,803,Clouds,broken clouds,04n,Wellington,NZ
1655225785,2022-06-14T16:56:25.000Z,43200,Wellington,-41.2866,174.7756,12.82,11.91,12.17,13.81,999,,,67,7.72,320,,,,,80,803,Clouds,broken clouds,04n,Wellington,NZ
1655229498,2022-06-14T17:58:18.000Z,43200,Wellington,-41.2866,174.7756,12.82,11.93,11.62,13.81,1000,,,68,7.72,330,,,,,82,803,Clouds,broken clouds,04n,Wellington,NZ
1655233525,2022-06-14T19:05:25.000Z,43200,Wellington,-41.2866,174.7756,12.82,11.96,11.62,13.81,1001,,,69,5.14,340,,,,,90,804,Clouds,overcast clouds,04n,Wellington,NZ
1655236989,2022-06-14T20:03:09.000Z,43200,Wellington,-41.2866,174.7756,12.81,11.92,11.62,12.81,1001,,,68,5.66,340,,,,,88,804,Clouds,overcast clouds,04d,Wellington,NZ
1655240644,2022-06-14T21:04:04.000Z,43200,Wellington,-41.2866,174.7756,13.37,12.51,12.17,13.81,1002,,,67,7.72,320,,,,,81,803,Clouds,broken clouds,04d,Wellington,NZ
1655244264,2022-06-14T22:04:24.000Z,43200,Wellington,-41.2866,174.7756,13.37,12.51,12.17,13.81,1003,,,67,5.66,340,,,,,68,803,Clouds,broken clouds,04d,Wellington,NZ
1655247882,2022-06-14T23:04:42.000Z,43200,Wellington,-41.2866,174.7756,13.37,12.54,12.73,13.81,1003,,,68,4.63,340,,,,,56,803,Clouds,broken clouds,04d,Wellington,NZ
1655251219,2022-06-15T00:00:19.000Z,43200,Wellington,-41.2866,174.7756,13.37,12.54,12.73,13.81,1003,,,68,4.12,330,,,,,53,803,Clouds,broken clouds,04d,Wellington,NZ
1655255126,2022-06-15T01:05:26.000Z,43200,Wellington,-41.2866,174.7756,15.81,14.6,14.95,15.81,1006,,,44,5.14,320,,,,,9,800,Clear,clear sky,01d,Wellington,NZ
1655258401,2022-06-15T02:00:01.000Z,43200,Wellington,-41.2866,174.7756,16.81,15.56,14.95,16.81,1006,,,39,4.12,330,,,,,8,800,Clear,clear sky,01d,Wellington,NZ
1655262001,2022-06-15T03:00:01.000Z,43200,Wellington,-41.2866,174.7756,15.81,14.46,13.28,15.81,1006,,,39,4.63,260,,,,,7,800,Clear,clear sky,01d,Wellington,NZ
1655265513,2022-06-15T03:58:33.000Z,43200,Wellington,-41.2866,174.7756,14.81,13.57,13.28,14.81,1007,,,47,4.63,330,,,,,5,800,Clear,clear sky,01d,Wellington,NZ
1655269320,2022-06-15T05:02:00.000Z,43200,Wellington,-41.2866,174.7756,14.81,13.57,12.73,14.81,1007,,,47,3.6,300,,,,,5,800,Clear,clear sky,01n,Wellington,NZ
1655273080,2022-06-15T06:04:40.000Z,43200,Wellington,-41.2866,174.7756,13.81,12.66,12.17,13.81,1008,,,54,6.17,320,,,,,5,800,Clear,clear sky,01n,Wellington,NZ
1655276377,2022-06-15T06:59:37.000Z,43200,Wellington,-41.2866,174.7756,13.81,12.58,12.17,13.81,1008,,,51,5.66,330,,,,,1,800,Clear,clear sky,01n,Wellington,NZ
1655280217,2022-06-15T08:03:37.000Z,43200,Wellington,-41.2866,174.7756,13.81,12.66,12.17,13.81,1009,,,54,4.63,340,,,,,1,800,Clear,clear sky,01n,Wellington,NZ
1655283650,2022-06-15T09:00:50.000Z,43200,Wellington,-41.2866,174.7756,12.81,11.56,11.62,12.81,1010,,,54,2.06,30,,,,,1,800,Clear,clear sky,01n,Wellington,NZ
1655287509,2022-06-15T10:05:09.000Z,43200,Wellington,-41.2866,174.7756,13.81,12.58,9.95,13.81,1011,,,51,3.09,280,,,,,1,800,Clear,clear sky,01n,Wellington,NZ
1655290527,2022-06-15T10:55:27.000Z,43200,Wellington,-41.2866,174.7756,10.81,9.57,10.81,10.81,1011,,,62,3.09,40,,,,,3,800,Clear,clear sky,01n,Wellington,NZ
1655294316,2022-06-15T11:58:36.000Z,43200,Wellington,-41.2866,174.7756,8.81,8.25,8.81,8.81,1012,,,71,1.54,340,,,,,13,721,Haze,haze,50n,Wellington,NZ
1655298018,2022-06-15T13:00:18.000Z,43200,Wellington,-41.2866,174.7756,6.81,5.96,6.81,6.81,1012,,,81,1.54,40,,,,,100,804,Clouds,overcast clouds,04n,Wellington,NZ
1655301602,2022-06-15T14:00:02.000Z,43200,Wellington,-41.2866,174.7756,6.81,5.42,6.81,6.81,1013,,,81,2.06,20,,,,,100,804,Clouds,overcast clouds,04n,Wellington,NZ
1655305165,2022-06-15T14:59:25.000Z,43200,Wellington,-41.2866,174.7756,6.81,4.99,6.81,6.81,1013,,,87,2.57,360,,,,,100,804,Clouds,overcast clouds,04n,Wellington,NZ
1655308819,2022-06-15T16:00:19.000Z,43200,Wellington,-41.2866,174.7756,10.81,9.67,10.51,10.81,1012,,,66,4.12,40,,,,,99,804,Clouds,overcast clouds,04n,Wellington,NZ
1655312401,2022-06-15T17:00:01.000Z,43200,Wellington,-41.2866,174.7756,11.81,10.77,11.62,11.81,1012,,,66,4.12,40,,,,,95,804,Clouds,overcast clouds,04n,Wellington,NZ
1655316325,2022-06-15T18:05:25.000Z,43200,Wellington,-41.2866,174.7756,11.81,10.67,11.62,11.81,1012,,,62,3.6,40,,,,,92,804,Clouds,overcast clouds,04n,Wellington,NZ
1655319925,2022-06-15T19:05:25.000Z,43200,Wellington,-41.2866,174.7756,13.81,12.87,12.17,13.81,1012,,,62,3.6,340,,,,,100,804,Clouds,overcast clouds,04n,Wellington,NZ
1655322922,2022-06-15T19:55:22.000Z,43200,Wellington,-41.2866,174.7756,13.81,12.76,12.17,13.81,1012,,,58,4.12,330,,,,,100,804,Clouds,overcast clouds,04d,Wellington,NZ
1655326981,2022-06-15T21:03:01.000Z,43200,Wellington,-41.2866,174.7756,12.81,11.9,12.17,12.81,1013,,,67,4.12,350,,,,,99,804,Clouds,overcast clouds,04d,Wellington,NZ
1655330197,2022-06-15T21:56:37.000Z,43200,Wellington,-41.2866,174.7756,14.81,13.78,13.28,14.81,1013,,,55,5.14,320,,,,,98,804,Clouds,overcast clouds,04d,Wellington,NZ
1655333773,2022-06-15T22:56:13.000Z,43200,Wellington,-41.2866,174.7756,14.48,13.79,13.28,14.81,1010,,,69,5.66,330,,,,,96,804,Clouds,overcast clouds,04d,Wellington,NZ
1655337842,2022-06-16T00:04:02.000Z,43200,Wellington,-41.2866,174.7756,15.59,14.82,14.39,15.81,1010,,,62,6.17,330,,,,,95,804,Clouds,overcast clouds,04d,Wellington,NZ
1655341218,2022-06-16T01:00:18.000Z,43200,Wellington,-41.2866,174.7756,15.03,14.34,13.28,15.03,1010,,,67,6.17,320,,,,,88,804,Clouds,overcast clouds,04d,Wellington,NZ
1655344802,2022-06-16T02:00:02.000Z,43200,Wellington,-41.2866,174.7756,13.92,13.25,12.73,13.92,1009,,,72,5.14,340,,,,,84,803,Clouds,broken clouds,04d,Wellington,NZ
1655348711,2022-06-16T03:05:11.000Z,43200,Wellington,-41.2866,174.7756,13.92,13.27,12.73,13.92,1009,,,73,4.63,350,,,,,20,801,Clouds,few clouds,02d,Wellington,NZ
1655351927,2022-06-16T03:58:47.000Z,43200,Wellington,-41.2866,174.7756,13.92,13.3,12.73,13.92,1009,,,74,9.26,350,,,,,85,804,Clouds,overcast clouds,04d,Wellington,NZ
1655355601,2022-06-16T05:00:01.000Z,43200,Wellington,-41.2866,174.7756,13.92,13.3,12.73,14.81,1009,,,74,6.17,340,,,,,83,803,Clouds,broken clouds,04n,Wellington,NZ
1655358912,2022-06-16T05:55:12.000Z,43200,Wellington,-41.2866,174.7756,14.48,13.94,12.73,14.48,1010,,,75,7.2,360,,,,,81,803,Clouds,broken clouds,04n,Wellington,NZ
1655363032,2022-06-16T07:03:52.000Z,43200,Wellington,-41.2866,174.7756,13.92,13.33,12.17,13.92,1010,,,75,7.72,360,,,,,97,804,Clouds,overcast clouds,04n,Wellington,NZ
1655366691,2022-06-16T08:04:51.000Z,43200,Wellington,-41.2866,174.7756,13.92,13.38,12.73,13.92,1011,,,77,7.2,350,,,,,99,804,Clouds,overcast clouds,04n,Wellington,NZ
1655369833,2022-06-16T08:57:13.000Z,43200,Wellington,-41.2866,174.7756,13.92,13.35,12.17,13.92,1011,,,76,6.69,350,,,,,99,804,Clouds,overcast clouds,04n,Wellington,NZ
1655373905,2022-06-16T10:05:05.000Z,43200,Wellington,-41.2866,174.7756,13.92,13.43,12.73,13.92,1011,,,79,5.66,350,,,,,99,804,Clouds,overcast clouds,04n,Wellington,NZ
1655377505,2022-06-16T11:05:05.000Z,43200,Wellington,-41.2866,174.7756,13.92,13.38,12.73,13.92,1012,,,77,5.14,20,,,,,99,804,Clouds,overcast clouds,04n,Wellington,NZ
1655380871,2022-06-16T12:01:11.000Z,43200,Wellington,-41.2866,174.7756,13.92,13.4,12.73,14.81,1012,,,78,6.17,340,,,,,99,804,Clouds,overcast clouds,04n,Wellington,NZ
1655384704,2022-06-16T13:05:04.000Z,43200,Wellington,-41.2866,174.7756,13.92,13.43,12.73,13.92,1012,,,79,5.14,350,,,,,100,804,Clouds,overcast clouds,04n,Wellington,NZ
1655387972,2022-06-16T13:59:32.000Z,43200,Wellington,-41.2866,174.7756,13.92,13.48,12.17,13.92,1012,,,81,6.69,360,,,,,100,804,Clouds,overcast clouds,04n,Wellington,NZ
1655391331,2022-06-16T14:55:31.000Z,43200,Wellington,-41.2866,174.7756,13.37,12.9,12.17,13.37,1013,,,82,4.12,10,,,,,100,804,Clouds,overcast clouds,04n,Wellington,NZ
1655395527,2022-06-16T16:05:27.000Z,43200,Wellington,-41.2866,174.7756,12.26,11.71,11.06,12.81,1013,,,83,1.03,330,,,,,100,721,Haze,haze,50n,Wellington,NZ
1655399112,2022-06-16T17:05:12.000Z,43200,Wellington,-41.2866,174.7756,11.71,11.1,11.62,12.81,1014,,,83,6.69,230,,,,,100,804,Clouds,overcast clouds,04n,Wellington,NZ
1655401928,2022-06-16T17:52:08.000Z,43200,Wellington,-41.2866,174.7756,12.26,11.81,11.06,12.81,1014,,,87,8.75,160,,,,,75,803,Clouds,broken clouds,04n,Wellington,NZ
1655406002,2022-06-16T19:00:02.000Z,43200,Wellington,-41.2866,174.7756,11.7,11.17,10.51,11.81,1016,,,86,6.69,160,,,,,100,804,Clouds,overcast clouds,04n,Wellington,NZ
1655409545,2022-06-16T19:59:05.000Z,43200,Wellington,-41.2866,174.7756,11.7,11.17,10.51,11.81,1018,,,86,6.69,150,,,,,100,804,Clouds,overcast clouds,04d,Wellington,NZ
1655413201,2022-06-16T21:00:01.000Z,43200,Wellington,-41.2866,174.7756,11.7,11.12,10.51,11.81,1019,,,84,6.17,140,,,,,75,803,Clouds,broken clouds,04d,Wellington,NZ
1655416796,2022-06-16T21:59:56.000Z,43200,Wellington,-41.2866,174.7756,12.26,11.68,11.62,12.26,1019,,,82,5.66,150,,,,,100,804,Clouds,overcast clouds,04d,Wellington,NZ
1655420691,2022-06-16T23:04:51.000Z,43200,Wellington,-41.2866,174.7756,12.81,12.24,11.62,12.81,1020,,,80,6.17,150,,,,,100,804,Clouds,overcast clouds,04d,Wellington,NZ
1655423987,2022-06-16T23:59:47.000Z,43200,Wellington,-41.2866,174.7756,13.92,13.4,12.81,13.92,1019,,,78,5.14,150,,,,,100,804,Clouds,overcast clouds,04d,Wellington,NZ
1655427759,2022-06-17T01:02:39.000Z,43200,Wellington,-41.2866,174.7756,13.92,13.35,12.81,13.92,1019,,,76,4.12,150,,,,,100,804,Clouds,overcast clouds,04d,Wellington,NZ
1655431356,2022-06-17T02:02:36.000Z,43200,Wellington,-41.2866,174.7756,14.48,13.94,13.28,14.48,1019,,,75,3.09,160,,,,,100,804,Clouds,overcast clouds,04d,Wellington,NZ
1655434928,2022-06-17T03:02:08.000Z,43200,Wellington,-41.2866,174.7756,13.92,13.38,12.17,13.92,1019,,,77,3.09,160,,,,,40,802,Clouds,scattered clouds,03d,Wellington,NZ
1655438418,2022-06-17T04:00:18.000Z,43200,Wellington,-41.2866,174.7756,12.84,12.32,11.98,13.92,1021,,,82,2.57,220,,,,,100,804,Clouds,overcast clouds,04d,Wellington,NZ
1655441828,2022-06-17T04:57:08.000Z,43200,Wellington,-41.2866,174.7756,12.03,11.48,11.42,12.81,1020,,,84,2.06,250,,,,,100,804,Clouds,overcast clouds,04d,Wellington,NZ
1655445603,2022-06-17T06:00:03.000Z,43200,Wellington,-41.2866,174.7756,10.68,9.97,9.95,11.15,1021,,,83,2.06,20,,,,,83,803,Clouds,broken clouds,04n,Wellington,NZ
1655449328,2022-06-17T07:02:08.000Z,43200,Wellington,-41.2866,174.7756,10.12,9.41,9.75,10.81,1022,,,85,3.6,10,,,,,20,801,Clouds,few clouds,02n,Wellington,NZ
1655452533,2022-06-17T07:55:33.000Z,43200,Wellington,-41.2866,174.7756,9.57,7.67,9.2,10.81,1022,,,87,3.6,350,,,,,75,803,Clouds,broken clouds,04n,Wellington,NZ
1655456197,2022-06-17T08:56:37.000Z,43200,Wellington,-41.2866,174.7756,9.32,7.11,9.2,9.81,1022,,,89,4.12,360,,,,,20,801,Clouds,few clouds,02n,Wellington,NZ
1655459733,2022-06-17T09:55:33.000Z,43200,Wellington,-41.2866,174.7756,9.94,9.54,9.48,10.31,1021,,,88,1.54,360,,,,,75,803,Clouds,broken clouds,04n,Wellington,NZ
1655463619,2022-06-17T11:00:19.000Z,43200,Wellington,-41.2866,174.7756,9.63,9.63,9.48,10.81,1021,,,89,0.51,360,,,,,75,803,Clouds,broken clouds,04n,Wellington,NZ
1655467164,2022-06-17T11:59:24.000Z,43200,Wellington,-41.2866,174.7756,9.49,9.49,9.48,10.81,1020,,,89,1.03,80,,,,,100,804,Clouds,overcast clouds,04n,Wellington,NZ
1655471046,2022-06-17T13:04:06.000Z,43200,Wellington,-41.2866,174.7756,8.38,8.38,8.37,9.81,1019,,,88,0.51,350,,,,,99,804,Clouds,overcast clouds,04n,Wellington,NZ
1655474710,2022-06-17T14:05:10.000Z,43200,Wellington,-41.2866,174.7756,8.81,8.25,8.81,8.84,1023,,,93,1.54,80,,,,,100,804,Clouds,overcast clouds,04n,Wellington,NZ
1655477776,2022-06-17T14:56:16.000Z,43200,Wellington,-41.2866,174.7756,7.81,6.18,7.81,7.81,1023,,,93,2.57,360,,,,,100,804,Clouds,overcast clouds,04n,Wellington,NZ
1655481621,2022-06-17T16:00:21.000Z,43200,Wellington,-41.2866,174.7756,7.81,7.11,7.81,8.84,1023,,,93,1.54,10,,,,,99,804,Clouds,overcast clouds,04n,Wellington,NZ
1655484976,2022-06-17T16:56:16.000Z,43200,Wellington,-41.2866,174.7756,7.81,6.59,7.81,7.81,1022,,,93,2.06,20,,,,,20,801,Clouds,few clouds,02n,Wellington,NZ
1655489102,2022-06-17T18:05:02.000Z,43200,Wellington,-41.2866,174.7756,9.81,7.96,9.81,9.81,1022,,,93,3.6,20,,,,,75,803,Clouds,broken clouds,04n,Wellington,NZ
1655492726,2022-06-17T19:05:26.000Z,43200,Wellington,-41.2866,174.7756,9.81,9.39,9.81,9.81,1022,,,87,1.54,30,,,,,100,804,Clouds,overcast clouds,04n,Wellington,NZ
1655495917,2022-06-17T19:58:37.000Z,43200,Wellington,-41.2866,174.7756,9.81,9.81,9.81,9.81,1021,,,93,1.03,360,,,,,75,803,Clouds,broken clouds,04d,Wellington,NZ
1655499615,2022-06-17T21:00:15.000Z,43200,Wellington,-41.2866,174.7756,11.41,11.14,10.51,11.42,1020,,,97,1.03,30,,,,,75,803,Clouds,broken clouds,04d,Wellington,NZ
1655502976,2022-06-17T21:56:16.000Z,43200,Wellington,-41.2866,174.7756,12.41,12.19,12.17,12.81,1018,,,95,4.12,10,,,,,75,803,Clouds,broken clouds,04d,Wellington,NZ
1655507034,2022-06-17T23:03:54.000Z,43200,Wellington,-41.2866,174.7756,13.76,13.57,13.28,13.92,1018,,,91,3.6,40,,,,,75,803,Clouds,broken clouds,04d,Wellington,NZ
1655510317,2022-06-17T23:58:37.000Z,43200,Wellington,-41.2866,174.7756,14.01,13.82,13.28,14.81,1018,,,90,5.66,10,,,,,75,803,Clouds,broken clouds,04d,Wellington,NZ
1655514328,2022-06-18T01:05:28.000Z,43200,Wellington,-41.2866,174.7756,14.01,13.79,13.28,14.81,1017,,,89,4.12,350,,,,,75,500,Rain,light rain,10d,Wellington,NZ
1655517700,2022-06-18T02:01:40.000Z,43200,Wellington,-41.2866,174.7756,14.01,13.82,13.28,14.81,1017,,,90,4.63,350,,,,,75,803,Clouds,broken clouds,04d,Wellington,NZ
1655521203,2022-06-18T03:00:03.000Z,43200,Wellington,-41.2866,174.7756,14.01,13.82,13.28,14.48,1016,,,90,4.63,360,,,,,100,804,Clouds,overcast clouds,04d,Wellington,NZ
1655525016,2022-06-18T04:03:36.000Z,43200,Wellington,-41.2866,174.7756,13.09,12.88,12.17,13.81,1017,,,93,3.09,10,,,,,100,501,Rain,moderate rain,10d,Wellington,NZ
1655528275,2022-06-18T04:57:55.000Z,43200,Wellington,-41.2866,174.7756,12.28,11.94,10.51,13.37,1017,,,91,7.2,200,,,,,75,500,Rain,light rain,10n,Wellington,NZ
1655532328,2022-06-18T06:05:28.000Z,43200,Wellington,-41.2866,174.7756,10.92,10.47,9.95,11.81,1017,,,92,7.72,190,,,,,100,501,Rain,moderate rain,10n,Wellington,NZ
1655535845,2022-06-18T07:04:05.000Z,43200,Wellington,-41.2866,174.7756,10.92,10.5,9.95,11.81,1017,,,93,8.75,190,,,,,100,501,Rain,moderate rain,10n,Wellington,NZ
1655539470,2022-06-18T08:04:30.000Z,43200,Wellington,-41.2866,174.7756,10.92,10.5,9.95,11.81,1017,,,93,8.23,180,,,,,75,500,Rain,light rain,10n,Wellington,NZ
1655542633,2022-06-18T08:57:13.000Z,43200,Wellington,-41.2866,174.7756,10.92,10.52,9.95,11.81,1017,,,94,8.75,180,,,,,75,500,Rain,light rain,10n,Wellington,NZ
1655546681,2022-06-18T10:04:41.000Z,43200,Wellington,-41.2866,174.7756,10.92,10.52,9.95,11.81,1017,,,94,8.75,170,,,,,75,500,Rain,light rain,10n,Wellington,NZ
1655550038,2022-06-18T11:00:38.000Z,43200,Wellington,-41.2866,174.7756,9.81,5.6,8.84,10.81,1016,,,92,11.83,160,,,,,75,500,Rain,light rain,10n,Wellington,NZ
1655553567,2022-06-18T11:59:27.000Z,43200,Wellington,-41.2866,174.7756,9.81,5.8,8.84,10.81,1016,,,88,10.8,160,,,,,100,804,Clouds,overcast clouds,04n,Wellington,NZ
1655557250,2022-06-18T13:00:50.000Z,43200,Wellington,-41.2866,174.7756,10.12,9.38,9.39,10.81,1016,,,84,11.32,160,,,,,100,804,Clouds,overcast clouds,04n,Wellington,NZ
1655560777,2022-06-18T13:59:37.000Z,43200,Wellington,-41.2866,174.7756,10.12,9.28,9.39,10.81,1015,,,80,11.32,170,,,,,75,803,Clouds,broken clouds,04n,Wellington,NZ
1655564293,2022-06-18T14:58:13.000Z,43200,Wellington,-41.2866,174.7756,10.12,9.28,9.39,10.81,1015,,,80,10.8,160,,,,,75,803,Clouds,broken clouds,04n,Wellington,NZ
1655567778,2022-06-18T15:56:18.000Z,43200,Wellington,-41.2866,174.7756,9.81,6.01,9.2,10.81,1014,,,80,9.77,150,,,,,100,804,Clouds,overcast clouds,04n,Wellington,NZ
1655571925,2022-06-18T17:05:25.000Z,43200,Wellington,-41.2866,174.7756,9.26,5.28,8.64,10.81,1015,,,84,9.77,150,,,,,100,804,Clouds,overcast clouds,04n,Wellington,NZ
1655575502,2022-06-18T18:05:02.000Z,43200,Wellington,-41.2866,174.7756,9.81,6.01,8.84,10.59,1014,,,82,9.77,160,,,,,100,804,Clouds,overcast clouds,04n,Wellington,NZ
1655578936,2022-06-18T19:02:16.000Z,43200,Wellington,-41.2866,174.7756,8.95,4.99,8.09,10.03,1014,,,87,9.26,150,,,,,100,804,Clouds,overcast clouds,04n,Wellington,NZ
1655582111,2022-06-18T19:55:11.000Z,43200,Wellington,-41.2866,174.7756,8.7,4.66,8.09,9.48,1015,,,88,9.26,170,,,,,75,300,Drizzle,light intensity drizzle,09d,Wellington,NZ
1655585773,2022-06-18T20:56:13.000Z,43200,Wellington,-41.2866,174.7756,8.7,4.92,8.09,9.81,1015,,,89,8.23,170,,,,,100,804,Clouds,overcast clouds,04d,Wellington,NZ
1655589689,2022-06-18T22:01:29.000Z,43200,Wellington,-41.2866,174.7756,9.01,5.07,8.64,9.81,1015,,,90,9.26,170,,,,,100,804,Clouds,overcast clouds,04d,Wellington,NZ
1655593201,2022-06-18T23:00:01.000Z,43200,Wellington,-41.2866,174.7756,9.01,4.95,8.64,9.95,1016,,,88,9.77,170,,,,,100,804,Clouds,overcast clouds,04d,Wellington,NZ
1655596693,2022-06-18T23:58:13.000Z,43200,Wellington,-41.2866,174.7756,9.26,5.52,8.64,10.81,1016,,,86,8.75,180,,,,,75,803,Clouds,broken clouds,04d,Wellington,NZ
1655600728,2022-06-19T01:05:28.000Z,43200,Wellington,-41.2866,174.7756,9.81,6.24,8.84,10.59,1016,,,83,8.75,180,,,,,75,803,Clouds,broken clouds,04d,Wellington,NZ
1655604302,2022-06-19T02:05:02.000Z,43200,Wellington,-41.2866,174.7756,9.57,6.05,9.2,10.03,1015,,,85,8.23,160,,,,,100,804,Clouds,overcast clouds,04d,Wellington,NZ
1655607763,2022-06-19T03:02:43.000Z,43200,Wellington,-41.2866,174.7756,9.81,6.24,9.2,10.81,1015,,,81,8.75,180,,,,,75,803,Clouds,broken clouds,04d,Wellington,NZ
1655611532,2022-06-19T04:05:32.000Z,43200,Wellington,-41.2866,174.7756,9.81,6.24,8.84,10.81,1015,,,77,8.75,180,,,,,20,801,Clouds,few clouds,02d,Wellington,NZ
1655614745,2022-06-19T04:59:05.000Z,43200,Wellington,-41.2866,174.7756,9.57,5.69,9.2,10.03,1015,,,76,9.77,170,,,,,40,802,Clouds,scattered clouds,03n,Wellington,NZ
1655618473,2022-06-19T06:01:13.000Z,43200,Wellington,-41.2866,174.7756,9.57,5.37,9.2,10.81,1016,,,78,11.32,180,,,,,75,803,Clouds,broken clouds,04n,Wellington,NZ
1655621795,2022-06-19T06:56:35.000Z,43200,Wellington,-41.2866,174.7756,9.81,5.69,9.2,10.81,1016,,,79,11.32,180,,,,,75,803,Clouds,broken clouds,04n,Wellington,NZ
1655625601,2022-06-19T08:00:01.000Z,43200,Wellington,-41.2866,174.7756,9.57,5.09,8.84,10.81,1017,,,84,12.86,190,,,,,75,803,Clouds,broken clouds,04n,Wellington,NZ
1655629201,2022-06-19T09:00:01.000Z,43200,Wellington,-41.2866,174.7756,8.7,4.01,8.09,9.81,1018,,,89,12.35,190,,,,,100,804,Clouds,overcast clouds,04n,Wellington,NZ
1655632658,2022-06-19T09:57:38.000Z,43200,Wellington,-41.2866,174.7756,8.7,3.91,8.09,9.81,1018,,,88,12.86,170,,,,,75,803,Clouds,broken clouds,04n,Wellington,NZ
1655636402,2022-06-19T11:00:02.000Z,43200,Wellington,-41.2866,174.7756,8.14,3.15,7.53,8.92,1018,,,88,12.86,180,,,,,75,803,Clouds,broken clouds,04n,Wellington,NZ
1655639726,2022-06-19T11:55:26.000Z,43200,Wellington,-41.2866,174.7756,8.46,3.68,7.73,9.81,1018,,,89,12.35,180,,,,,100,804,Clouds,overcast clouds,04n,Wellington,NZ
1655643462,2022-06-19T12:57:42.000Z,43200,Wellington,-41.2866,174.7756,8.15,3.37,7.53,9.81,1018,,,90,11.83,170,,,,,75,300,Drizzle,light intensity drizzle,09n,Wellington,NZ
1655646922,2022-06-19T13:55:22.000Z,43200,Wellington,-41.2866,174.7756,8.14,3.06,7.53,8.92,1017,,,90,13.38,170,,,,,75,803,Clouds,broken clouds,04n,Wellington,NZ
1655650727,2022-06-19T14:58:47.000Z,43200,Wellington,-41.2866,174.7756,8.46,3.59,7.73,8.92,1018,,,89,12.86,170,,,,,75,500,Rain,light rain,10n,Wellington,NZ
1655654403,2022-06-19T16:00:03.000Z,43200,Wellington,-41.2866,174.7756,8.14,2.97,7.53,8.92,1018,,,91,13.89,170,,,,,75,500,Rain,light rain,10n,Wellington,NZ
1655658167,2022-06-19T17:02:47.000Z,43200,Wellington,-41.2866,174.7756,8.14,2.71,7.53,8.92,1018,,,89,15.43,170,,,,,100,500,Rain,light rain,10n,Wellington,NZ
1655661502,2022-06-19T17:58:22.000Z,43200,Wellington,-41.2866,174.7756,8.14,2.97,7.53,8.92,1018,,,90,13.89,160,,,,,75,803,Clouds,broken clouds,04n,Wellington,NZ
1655665436,2022-06-19T19:03:56.000Z,43200,Wellington,-41.2866,174.7756,8.46,3.59,8.09,9.81,1020,,,80,12.86,160,,,,,75,803,Clouds,broken clouds,04n,Wellington,NZ
1655668801,2022-06-19T20:00:01.000Z,43200,Wellington,-41.2866,174.7756,8.14,2.97,7.53,8.92,1020,,,74,13.89,160,,,,,75,803,Clouds,broken clouds,04d,Wellington,NZ
1655672526,2022-06-19T21:02:06.000Z,43200,Wellington,-41.2866,174.7756,8.46,3.4,7.73,8.92,1021,,,77,13.89,160,,,,,20,801,Clouds,few clouds,02d,Wellington,NZ
1655675912,2022-06-19T21:58:32.000Z,43200,Wellington,-41.2866,174.7756,8.7,3.65,8.09,9.48,1021,,,76,14.4,160,,,,,75,803,Clouds,broken clouds,04d,Wellington,NZ
1655679565,2022-06-19T22:59:25.000Z,43200,Wellington,-41.2866,174.7756,8.7,3.65,8.09,9.48,1021,,,75,14.4,170,,,,,100,804,Clouds,overcast clouds,04d,Wellington,NZ
1655683078,2022-06-19T23:57:58.000Z,43200,Wellington,-41.2866,174.7756,8.14,3.15,7.17,8.92,1021,,,82,12.86,160,,,,,75,803,Clouds,broken clouds,04d,Wellington,NZ
1655687076,2022-06-20T01:04:36.000Z,43200,Wellington,-41.2866,174.7756,7.9,2.73,7.53,8.81,1021,,,83,13.38,160,,,,,75,803,Clouds,broken clouds,04d,Wellington,NZ
1655690680,2022-06-20T02:04:40.000Z,43200,Wellington,-41.2866,174.7756,8.46,3.49,8.09,8.92,1020,,,81,13.38,160,,,,,75,803,Clouds,broken clouds,04d,Wellington,NZ
1655694306,2022-06-20T03:05:06.000Z,43200,Wellington,-41.2866,174.7756,8.09,3.09,8.09,8.84,1022,,,76,12.86,170,,,,,75,803,Clouds,broken clouds,04d,Wellington,NZ
1655697630,2022-06-20T04:00:30.000Z,43200,Wellington,-41.2866,174.7756,7.53,2.43,7.53,8.81,1022,,,80,12.35,160,,,,,75,803,Clouds,broken clouds,04d,Wellington,NZ
1655701531,2022-06-20T05:05:31.000Z,43200,Wellington,-41.2866,174.7756,8.14,3.35,7.53,8.92,1022,,,75,11.83,160,,,,,75,803,Clouds,broken clouds,04n,Wellington,NZ
1655704802,2022-06-20T06:00:02.000Z,43200,Wellington,-41.2866,174.7756,7.9,2.93,7.53,8.81,1023,,,74,12.35,170,,,,,75,803,Clouds,broken clouds,04n,Wellington,NZ
1655708628,2022-06-20T07:03:48.000Z,43200,Wellington,-41.2866,174.7756,8.14,3.25,7.53,8.92,1023,,,73,12.35,160,,,,,75,803,Clouds,broken clouds,04n,Wellington,NZ
1655711779,2022-06-20T07:56:19.000Z,43200,Wellington,-41.2866,174.7756,8.14,3.25,7.53,8.92,1023,,,72,12.35,160,,,,,40,802,Clouds,scattered clouds,03n,Wellington,NZ
1655715693,2022-06-20T09:01:33.000Z,43200,Wellington,-41.2866,174.7756,8.14,3.25,7.53,8.92,1024,,,71,12.35,170,,,,,75,803,Clouds,broken clouds,04n,Wellington,NZ
1655719434,2022-06-20T10:03:54.000Z,43200,Wellington,-41.2866,174.7756,8.14,3.35,7.53,8.92,1024,,,76,11.83,170,,,,,75,803,Clouds,broken clouds,04n,Wellington,NZ
1655722818,2022-06-20T11:00:18.000Z,43200,Wellington,-41.2866,174.7756,8.14,3.35,7.17,8.92,1023,,,75,11.83,170,,,,,40,802,Clouds,scattered clouds,03n,Wellington,NZ
1655726729,2022-06-20T12:05:29.000Z,43200,Wellington,-41.2866,174.7756,8.14,3.25,7.53,8.92,1023,,,76,12.35,170,,,,,75,803,Clouds,broken clouds,04n,Wellington,NZ
1655729895,2022-06-20T12:58:15.000Z,43200,Wellington,-41.2866,174.7756,8.14,3.57,7.17,8.92,1022,,,74,10.8,150,,,,,75,803,Clouds,broken clouds,04n,Wellington,NZ
1655733337,2022-06-20T13:55:37.000Z,43200,Wellington,-41.2866,174.7756,7.35,2.76,6.98,7.81,1022,,,86,9.77,160,,,,,75,803,Clouds,broken clouds,04n,Wellington,NZ
1655737388,2022-06-20T15:03:08.000Z,43200,Wellington,-41.2866,174.7756,7.03,2.21,6.42,7.81,1024,,,90,10.29,150,,,,,75,803,Clouds,broken clouds,04n,Wellington,NZ
1655740801,2022-06-20T16:00:01.000Z,43200,Wellington,-41.2866,174.7756,7.03,2.21,6.42,7.81,1022,,,89,10.29,170,,,,,100,804,Clouds,overcast clouds,04n,Wellington,NZ
1655744614,2022-06-20T17:03:34.000Z,43200,Wellington,-41.2866,174.7756,7.03,2.09,6.42,7.81,1022,,,88,10.8,170,,,,,75,803,Clouds,broken clouds,04n,Wellington,NZ
1655748181,2022-06-20T18:03:01.000Z,43200,Wellington,-41.2866,174.7756,7.59,2.95,6.98,8.37,1022,,,90,10.29,160,,,,,40,802,Clouds,scattered clouds,03n,Wellington,NZ
1655751828,2022-06-20T19:03:48.000Z,43200,Wellington,-41.2866,174.7756,7.03,2.33,6.42,7.81,1023,,,92,9.77,180,,,,,75,803,Clouds,broken clouds,04n,Wellington,NZ
1655755466,2022-06-20T20:04:26.000Z,43200,Wellington,-41.2866,174.7756,7.9,3.03,7.17,8.37,1024,,,89,11.83,160,,,,,75,803,Clouds,broken clouds,04d,Wellington,NZ
1655758751,2022-06-20T20:59:11.000Z,43200,Wellington,-41.2866,174.7756,7.9,3.36,7.53,8.81,1024,,,87,10.29,160,,,,,75,803,Clouds,broken clouds,04d,Wellington,NZ
1655762312,2022-06-20T21:58:32.000Z,43200,Wellington,-41.2866,174.7756,8.14,3.46,7.53,8.92,1024,,,89,11.32,180,,,,,75,301,Drizzle,drizzle,09d,Wellington,NZ
1655765737,2022-06-20T22:55:37.000Z,43200,Wellington,-41.2866,174.7756,8.14,3.8,7.53,8.92,1024,,,91,9.77,150,,,,,100,804,Clouds,overcast clouds,04d,Wellington,NZ
1655769640,2022-06-21T00:00:40.000Z,43200,Wellington,-41.2866,174.7756,9.25,4.94,8.64,10.03,1023,,,84,11.32,170,,,,,100,804,Clouds,overcast clouds,04d,Wellington,NZ
1655773110,2022-06-21T00:58:30.000Z,43200,Wellington,-41.2866,174.7756,9.81,6.01,9.2,10.59,1023,,,85,9.77,180,,,,,100,804,Clouds,overcast clouds,04d,Wellington,NZ
1655777076,2022-06-21T02:04:36.000Z,43200,Wellington,-41.2866,174.7756,9.25,5.16,8.64,10.03,1023,,,85,10.29,170,,,,,100,804,Clouds,overcast clouds,04d,Wellington,NZ
1655780524,2022-06-21T03:02:04.000Z,43200,Wellington,-41.2866,174.7756,9.57,5.58,8.84,10.03,1023,,,83,10.29,180,,,,,75,803,Clouds,broken clouds,04d,Wellington,NZ
1655784231,2022-06-21T04:03:51.000Z,43200,Wellington,-41.2866,174.7756,9.81,5.9,8.84,10.81,1023,,,82,10.29,180,,,,,100,804,Clouds,overcast clouds,04d,Wellington,NZ
1655787781,2022-06-21T05:03:01.000Z,43200,Wellington,-41.2866,174.7756,9.57,5.58,8.84,10.81,1022,,,86,10.29,180,,,,,75,803,Clouds,broken clouds,04n,Wellington,NZ
1655791421,2022-06-21T06:03:41.000Z,43200,Wellington,-41.2866,174.7756,9.57,5.58,8.84,10.03,1023,,,80,10.29,160,,,,,100,804,Clouds,overcast clouds,04n,Wellington,NZ
